Date, Close/Last, Volume, Open, High, Low
07/08/2020, $103.98, 4740439, $104.96, $105.395, $102.53
07/07/2020, $104.99, 2321257, $107.29, $107.87, $104.8
07/06/2020, $107.75, 1539161, $106.74, $108.87, $106.01
07/02/2020, $104.61, 2124822, $105.4, $106.28, $103.94
07/01/2020, $103.12, 1562116, $105.13, $105.48, $103.11
06/30/2020, $105.31, 2875808, $102.86, $105.76, $102.24
06/29/2020, $102.57, 1968576, $100.84, $103.24, $99.41
06/26/2020, $100.05, 4458740, $101.7, $101.94, $99.5
06/25/2020, $101.98, 1675933, $99.97, $102.19, $99
06/24/2020, $101.08, 2892489, $103.05, $104.08, $100.55
06/23/2020, $104.08, 1144412, $105.02, $105.56, $103.99
06/22/2020, $103.71, 1430901, $103.76, $104.3, $102.04
06/19/2020, $103.45, 4607093, $106.89, $107.58, $103.37
06/18/2020, $104.29, 1700714, $103.89, $104.85, $103.19
06/17/2020, $104.59, 2399705, $104.83, $105.91, $103.85
06/16/2020, $103.78, 2852872, $104.98, $105.97, $102
06/15/2020, $101.25, 2605639, $96.62, $101.34, $96.51
06/12/2020, $99.63, 1937283, $101.46, $102.59, $96.86
06/11/2020, $97.45, 3765483, $101.5, $101.97, $97.165
06/10/2020, $104.35, 2902272, $106.5, $106.51, $103.66
06/09/2020, $105.73, 4604305, $106.96, $108.49, $105.29
06/08/2020, $108.47, 3454816, $111.07, $111.62, $106.46
06/05/2020, $110, 3942626, $109.16, $113.28, $109.16
06/04/2020, $106.85, 3897068, $108.09, $108.76, $105.74
06/03/2020, $108.79, 8725549, $103.05, $109.79, $102.8
06/02/2020, $96.84, 3507140, $96.25, $98.2, $95.93
06/01/2020, $95.74, 2455574, $94.98, $96.64, $94.05
05/29/2020, $96.02, 7180825, $95.65, $97.87, $95.125
05/28/2020, $95.43, 6114655, $96.54, $98.72, $95.01
05/27/2020, $96.75, 10372990, $95.37, $99.24, $95.07
05/26/2020, $93.85, 5158350, $91.46, $95.165, $91
05/22/2020, $87.81, 1815597, $86.92, $88.18, $86.4349
05/21/2020, $87.63, 2344336, $90.47, $91.48, $87.471
05/20/2020, $91.3, 4066131, $89.54, $92.1, $89.02
05/19/2020, $88.14, 2013280, $88.46, $90.52, $88.09
05/18/2020, $89.02, 2271959, $85.81, $89.51, $85.56
05/15/2020, $83.55, 2539640, $82.62, $83.99, $82.13
05/14/2020, $85.8, 2341674, $82.7868, $85.94, $81.0949
05/13/2020, $83.95, 2234498, $87.11, $87.35, $82.56
05/12/2020, $85.99, 1879732, $88.09, $89.91, $85.99
05/11/2020, $88.3, 1941228, $88, $89.64, $87.13
05/08/2020, $89.7, 3384974, $84.84, $89.83, $83.5
05/07/2020, $85.5, 2967269, $85.46, $87.08, $84.56
05/06/2020, $83.76, 1465038, $85, $85.538, $83.345
05/05/2020, $83.47, 2187964, $83.65, $86.57, $82.97
05/04/2020, $82.02, 2291100, $81.71, $82.15, $80.12
05/01/2020, $81.52, 3253969, $85.47, $85.62, $81.36
04/30/2020, $87.73, 2950435, $91.48, $91.6, $87.08
04/29/2020, $92.27, 3707711, $90.05, $92.72, $89.55
04/28/2020, $87.35, 3612508, $87.62, $89.79, $86.31
04/27/2020, $84.71, 3309599, $82.6, $84.87, $82.6
04/24/2020, $82.01, 2274253, $79.23, $82.42, $78.8
04/23/2020, $78.8, 1692526, $79, $80.99, $78.5
04/22/2020, $79.03, 1851125, $78.01, $79.53, $76.76
04/21/2020, $74.85, 2318191, $76.49, $77.1, $74.58
04/20/2020, $77.71, 2178292, $78.96, $80.06, $77.56
04/17/2020, $80.34, 3161485, $80.59, $81.47, $78.18
04/16/2020, $77.56, 2806633, $78.93, $79.67, $76.6609
04/15/2020, $78.57, 2531244, $79.48, $79.64, $77.3216
04/14/2020, $81.94, 2786238, $81.61, $83.41, $80.6
04/13/2020, $79.56, 2448660, $78.13, $80.05, $76.51
04/09/2020, $78.45, 6068319, $79.5, $83.89, $77.86
04/08/2020, $79.52, 6674059, $75.38, $80.03, $74.39
04/07/2020, $73.34, 4331877, $76.6, $77, $72.49
04/06/2020, $73.98, 4767285, $67.88, $74.4, $67.25
04/03/2020, $64.04, 3119013, $64.35, $66.01, $63.02
04/02/2020, $64.98, 4007328, $61.76, $65.21, $61.62
04/01/2020, $62.79, 3916745, $65.1, $66.97, $62
03/31/2020, $67.8, 5362666, $68.11, $70.93, $67.375
03/30/2020, $68.99, 3413297, $69.4, $70.66, $67.33
03/27/2020, $68.2, 4663261, $71.44, $71.94, $67.94
03/26/2020, $74.52, 4476036, $75.45, $76.1, $72.29
03/25/2020, $74.93, 8790832, $75.75, $78.33, $73.79
03/24/2020, $75.72, 8867417, $69.89, $75.99, $69.89
03/23/2020, $65.51, 9718025, $64.26, $68.64, $62.36
03/20/2020, $59.64, 5097291, $62.12, $64.38, $58.29
03/19/2020, $60.56, 6610672, $55.57, $63.04, $53.15
03/18/2020, $57.95, 6816036, $56.32, $60.84, $54.57
03/17/2020, $62.5, 7465456, $58.5, $62.97, $54.86
03/16/2020, $55.77, 6622755, $61.45, $65.7, $55.77
03/13/2020, $69.97, 6608385, $66.75, $69.99, $62.39
03/12/2020, $62.32, 10344220, $69.76, $70.41, $61.84
03/11/2020, $73.4, 9410004, $78.95, $80.11, $73.22
03/10/2020, $81.48, 6410937, $80.98, $82, $76.05
03/09/2020, $77.96, 6094905, $80.38, $82.36, $77.95
03/06/2020, $86.96, 5440355, $85.39, $88.695, $84.93
03/05/2020, $88.68, 4156883, $90.03, $91.568, $88.08
03/04/2020, $93.26, 4504310, $90.81, $93.6, $89.03
03/03/2020, $89.41, 5671329, $94.265, $96.97, $89.2
03/02/2020, $95.22, 4625134, $91.6, $95.28, $90.09
02/28/2020, $90.71, 5479657, $86.79, $92.4, $86
02/27/2020, $89.88, 4124209, $92.12, $93.77, $89.76
02/26/2020, $94.77, 3728315, $98.4, $99.43, $94.15
02/25/2020, $97.18, 2720529, $100.92, $101.09, $96.27
02/24/2020, $100.13, 3455108, $101, $102.8, $99.94
02/21/2020, $105.08, 2023596, $107.17, $107.81, $104.6
02/20/2020, $108.13, 1277256, $108.77, $109.54, $107.085
02/19/2020, $109.82, 1615483, $108.04, $109.96, $107.78
02/18/2020, $106.96, 1097172, $108.22, $108.79, $106.85
02/14/2020, $109.36, 1097528, $110.75, $110.95, $108.645
02/13/2020, $110.37, 1826001, $109.02, $110.96, $108.13
02/12/2020, $109.7, 2002626, $109.5, $110.82, $109.32
02/11/2020, $108.86, 2875563, $109, $110.78, $108.14
02/10/2020, $108.15, 2010173, $105.22, $108.17, $105.01
02/07/2020, $106.21, 2503760, $107.66, $107.99, $105.89
02/06/2020, $108.48, 2115986, $108.54, $108.99, $106.63
02/05/2020, $108.51, 6160552, $107.99, $111.55, $105.24
02/04/2020, $101.71, 3409896, $100.71, $102.18, $100.08
02/03/2020, $97.55, 2112454, $98.34, $98.67, $97.27
01/31/2020, $97.48, 3885441, $100.6, $100.945, $96.93
01/30/2020, $101.56, 2456080, $101.56, $102.09, $99.65
01/29/2020, $102.46, 1723901, $104.33, $105.02, $102.4
01/28/2020, $104.2, 1980342, $104.15, $105.16, $103.58
01/27/2020, $102.98, 2659909, $102.875, $104.48, $102.33
01/24/2020, $107.22, 2854901, $111.32, $111.37, $106.29
01/23/2020, $110.26, 1833221, $109.74, $110.45, $108.46
01/22/2020, $109.34, 1355469, $109.77, $110.97, $108.8
01/21/2020, $109.24, 2056071, $109, $109.65, $108.49
01/17/2020, $109.41, 2348058, $109.08, $109.97, $108.12
01/16/2020, $108.82, 2439318, $108.35, $109.34, $107.49
01/15/2020, $107.58, 6176035, $109.26, $109.4, $106.92
01/14/2020, $110.12, 3353508, $110.63, $112.4703, $109.87
01/13/2020, $111.21, 2405560, $111.25, $111.7, $110.57
01/10/2020, $110.83, 3153930, $110.6, $111.15, $109.34
01/09/2020, $110.32, 2210856, $110.39, $110.64, $108.295
01/08/2020, $109.29, 2403277, $110.6, $110.76, $108.83
01/07/2020, $110.69, 6704476, $107.9, $110.8, $106.87
01/06/2020, $103.73, 2017235, $103.66, $104.23, $103.01
01/03/2020, $105.24, 10014980, $105.4, $106.8491, $104.86
01/02/2020, $107.6, 4778551, $106.03, $108.09, $105.21
12/31/2019, $104.72, 1546920, $105.04, $105.28, $103.76
12/30/2019, $104.99, 1133265, $105.52, $105.58, $104.29
12/27/2019, $105.48, 642771, $106.06, $106.16, $105.09
12/26/2019, $105.93, 930741, $105.25, $105.93, $104.76
12/24/2019, $105.05, 458651, $104.81, $105.145, $104.01
12/23/2019, $104.98, 1660856, $104.94, $105.57, $104.27
12/20/2019, $104.67, 3775014, $104.1, $105.3, $102.44
12/19/2019, $102.37, 1359329, $102.24, $102.525, $101.44
12/18/2019, $101.9, 2827463, $102.44, $102.53, $101.38
12/17/2019, $102.47, 1714228, $103.5, $103.62, $102.41
12/16/2019, $103.26, 2445156, $103.01, $104.95, $102.88
12/13/2019, $102.09, 2598846, $102.93, $104.65, $101.84
12/12/2019, $103.16, 2649694, $99.34, $103.46, $98.88
12/11/2019, $99.35, 1486429, $98.77, $99.7899, $98.31
12/10/2019, $98.46, 1459163, $99.29, $99.59, $98.24
12/09/2019, $99.02, 1795024, $98.77, $99.38, $98.395
12/06/2019, $98.76, 1605129, $98.01, $99, $97.67
12/05/2019, $96.71, 1851456, $96.64, $97.71, $95.93
12/04/2019, $96.54, 4321439, $95.64, $96.95, $94.5
12/03/2019, $91.87, 2551376, $91.76, $92.395, $90.82
12/02/2019, $94.21, 2363303, $95.15, $95.38, $93.67
11/29/2019, $94.54, 732749, $94.97, $95.36, $94.2711
11/27/2019, $95.6, 1610980, $95.97, $96.08, $95.11
11/26/2019, $95.37, 3520969, $93.37, $95.685, $92.28
11/25/2019, $93.62, 1989677, $92.31, $93.695, $92.26
11/22/2019, $91.66, 1203877, $91.15, $92.21, $91.15
11/21/2019, $91, 1615001, $91.24, $91.75, $90.291
11/20/2019, $91.15, 1914955, $91.73, $92.71, $90.46
11/19/2019, $92.64, 2370381, $93.14, $93.47, $91.5
11/18/2019, $92.43, 1561403, $94.06, $94.49, $92.25
11/15/2019, $94.6, 1866204, $95.06, $95.355, $94.11
11/14/2019, $93.62, 1337586, $93.53, $93.82, $92.81
11/13/2019, $94.09, 1250361, $92.68, $94.48, $92.5
11/12/2019, $93.68, 1901358, $94.85, $96, $93.21
11/11/2019, $94.57, 2002091, $95.28, $95.98, $94.47
11/08/2019, $96.21, 1777651, $94.21, $96.48, $93.76
11/07/2019, $95.36, 4023261, $96.1, $96.9, $94.62
11/06/2019, $95.62, 5649003, $97.5, $97.89, $93.31
11/05/2019, $100.02, 3842379, $99.76, $101.57, $98.76
11/04/2019, $99.78, 2790130, $98.76, $99.805, $98.61
11/01/2019, $96.99, 1739338, $95.58, $97.41, $95.444
10/31/2019, $94.29, 1306553, $95.09, $95.4, $93.81
10/30/2019, $95.4, 1551318, $97.31, $97.47, $94.99
10/29/2019, $94.81, 1544383, $96.17, $96.91, $94.44
10/28/2019, $95.59, 1792756, $95.65, $96.285, $95.2
10/25/2019, $93.9, 1644720, $94.03, $94.56, $93.14
10/24/2019, $94.17, 1407765, $92.62, $94.78, $92.62
10/23/2019, $92.99, 3306102, $93.9, $94.34, $91.71
10/22/2019, $96.37, 1625217, $97.33, $97.83, $96.26
10/21/2019, $97.78, 1513371, $96.41, $97.86, $95.72
10/18/2019, $95.005, 1398415, $95.57, $95.67, $93.17
10/17/2019, $95.69, 1066140, $97.13, $97.56, $95.25
10/16/2019, $96.08, 1327888, $96.6, $97.36, $95.93
10/15/2019, $96.81, 1614478, $96.21, $97.33, $95.15
10/14/2019, $95.68, 1091812, $94.98, $95.79, $94.32
10/11/2019, $95.52, 2886348, $94.15, $96.855, $93.68
10/10/2019, $92.41, 1772207, $91.54, $93.17, $91.17
10/09/2019, $91.19, 1493024, $90.62, $91.66, $90.22
10/08/2019, $89.29, 2045577, $91.19, $91.39, $89.09
10/07/2019, $92.34, 2329145, $93.5, $94, $92.24
10/04/2019, $93.74, 1637070, $92.52, $93.79, $92
10/03/2019, $91.7, 2378268, $90.65, $92.21, $89.38
10/02/2019, $90.54, 1638844, $91.9, $92.16, $90.22
10/01/2019, $92.92, 2686675, $94.87, $96.08, $92.36
09/30/2019, $92.91, 1478164, $91.52, $93.35, $91.3
09/27/2019, $91.29, 1506598, $92.25, $93.13, $90.66
09/26/2019, $92.37, 2879486, $93.13, $93.13, $91.36
09/25/2019, $93.01, 1783423, $90.19, $93.33, $89.22
09/24/2019, $90.64, 1427416, $92.28, $92.59, $89.94
09/23/2019, $91.92, 2013236, $90.29, $92.69, $90.065
09/20/2019, $90.45, 2763701, $92.44, $93.25, $90.32
09/19/2019, $92.49, 1343659, $93.68, $94, $92.35
09/18/2019, $93.57, 1950251, $93.73, $93.98, $92.2
09/17/2019, $93.76, 1299306, $93.69, $94.116, $92.6477
09/16/2019, $94.45, 1156572, $93.81, $95, $93.22
09/13/2019, $95, 1535587, $95.92, $95.97, $94.94
09/12/2019, $95.47, 2781716, $96.43, $96.741, $94.4503
09/11/2019, $95.42, 2750963, $92.91, $95.44, $91.81
09/10/2019, $92.57, 1906776, $91.22, $92.62, $90.8
09/09/2019, $91.87, 2806263, $91.09, $93.5, $90.92
09/06/2019, $90.52, 3013815, $89.16, $90.93, $88.675
09/05/2019, $88.83, 3807830, $87.83, $90.06, $87.83
09/04/2019, $86.52, 7520586, $86.39, $86.93, $82.59
09/03/2019, $84.89, 2112733, $85.25, $86.15, $84.09
08/30/2019, $86.33, 1207922, $87.34, $87.55, $86.17
08/29/2019, $86.57, 1347387, $86.51, $87.37, $86.14
08/28/2019, $84.88, 1615075, $83.97, $85.1767, $83.16
08/27/2019, $84.35, 1846785, $85.4, $86.36, $84.09
08/26/2019, $84.73, 3693100, $86.25, $86.406, $84.06
08/23/2019, $84.58, 2643502, $88.69, $88.91, $84.46
08/22/2019, $89.58, 1430996, $88.6, $89.96, $88.02
08/21/2019, $89.02, 2058679, $89.76, $90.07, $88.4
08/20/2019, $88.89, 2081054, $89.62, $89.9, $88.485
08/19/2019, $90.05, 2889199, $90.21, $90.96, $89.46
08/16/2019, $88.38, 1711660, $87.97, $88.825, $87.5
08/15/2019, $86.84, 1272711, $87.62, $88, $85.93
08/14/2019, $86.91, 2005654, $87.09, $88.235, $86.46
08/13/2019, $90.38, 2836517, $86.82, $91.07, $86.49
08/12/2019, $87.3, 1777905, $86.96, $87.9, $86.53
08/09/2019, $87.85, 1878216, $89.78, $89.78, $87.17
08/08/2019, $90.8, 2043654, $88.72, $90.83, $88.01
08/07/2019, $88.42, 3983209, $86, $88.82, $85.46
08/06/2019, $85.06, 4234852, $85.33, $86.49, $84.01
08/05/2019, $83.62, 4464114, $85.79, $85.79, $82.88
08/02/2019, $88.06, 3543103, $91.16, $91.16, $87.86
08/01/2019, $91.6, 2624137, $94.45, $96.68, $90.44
07/31/2019, $94.42, 2633014, $96.8, $96.8, $92.87
07/30/2019, $96.99, 2105438, $96.83, $97.37, $95.93
07/29/2019, $98.38, 1717608, $98.38, $98.69, $97.41
07/26/2019, $98.11, 1169644, $98.64, $98.73, $97.42
07/25/2019, $98.05, 1673708, $98.66, $99.03, $97.08
07/24/2019, $99.84, 4065993, $97.45, $100.06, $96.67
07/23/2019, $95.57, 1765915, $94.2, $95.59, $93.71
07/22/2019, $93.56, 1526769, $92.98, $94.17, $92.735
07/19/2019, $92.31, 1927908, $93.76, $93.87, $92.25
07/18/2019, $92.9, 1437136, $91.14, $92.98, $90.915
07/17/2019, $90.76, 1182308, $90.79, $91.3537, $90.025
07/16/2019, $90.75, 1608736, $91.5, $91.72, $90.22
07/15/2019, $92.6, 1503639, $92.1, $92.83, $91.62
07/12/2019, $91.71, 1582385, $90.31, $91.79, $89.84
07/11/2019, $89.73, 1833394, $89.25, $90.05, $88.3
07/10/2019, $89.36, 1380341, $90.01, $91.36, $89.15
07/09/2019, $89.22, 1791255, $87.16, $89.31, $87.13
07/08/2019, $87.93, 1357743, $88.3, $88.89, $87.8
07/05/2019, $89.23, 1268151, $88.63, $89.51, $87.82
07/03/2019, $89.77, 933720, $89.47, $90.16, $88.48
07/02/2019, $89.74, 2158633, $91.4, $91.49, $89.3
07/01/2019, $91.4, 4060890, $90.26, $91.52, $90
06/28/2019, $86.7, 6180111, $88, $88.65, $86.61
06/27/2019, $87.14, 2300890, $87.99, $89.13, $87
06/26/2019, $87.17, 2484617, $85.75, $87.54, $85.06
06/25/2019, $83.94, 2215245, $86.84, $86.84, $83.86
06/24/2019, $85.13, 1817895, $85.11, $85.59, $84.68
06/21/2019, $85.1, 3285217, $85.27, $85.98, $84.52
06/20/2019, $85.58, 1612193, $87, $87.16, $85.23
06/19/2019, $84.75, 1831115, $85.75, $85.75, $84.59
06/18/2019, $85, 3060920, $82.4, $85.74, $81.85
06/17/2019, $81.23, 1951135, $82.71, $83.45, $81.12
06/14/2019, $83.19, 3422997, $81.41, $83.52, $80.15
06/13/2019, $84.1, 2610646, $84.23, $85.0787, $83.644
06/12/2019, $83.81, 1437345, $84.87, $84.87, $83.2
06/11/2019, $85.34, 2194487, $87.24, $87.42, $83.66
06/10/2019, $85.75, 2310424, $84.75, $86.66, $84.6
06/07/2019, $83.67, 1897368, $83.74, $85, $83.17
06/06/2019, $83.13, 1943712, $82.58, $83.5, $81.61
06/05/2019, $82.33, 1969972, $84.98, $85.14, $80.99
06/04/2019, $84.26, 2465697, $80.94, $84.35, $80.45
06/03/2019, $79.75, 2688891, $80.39, $81.96, $79.34
05/31/2019, $80.03, 4089884, $79.88, $81.925, $79.56
05/30/2019, $81.34, 3208014, $80.64, $81.93, $80.55
05/29/2019, $80.55, 2951731, $78.57, $81.21, $78.19
05/28/2019, $79.11, 3822408, $80.54, $80.86, $77.66
05/24/2019, $80.42, 1785392, $82.14, $82.81, $80.37
05/23/2019, $81.59, 2895194, $80.5, $81.66, $79.7311
05/22/2019, $81.83, 2739662, $80.99, $83.08, $80.68
05/21/2019, $81.95, 2933264, $80.75, $82.26, $80.19
05/20/2019, $79.54, 3849512, $80.48, $81.75, $78.73
05/17/2019, $83.26, 2304727, $83.7, $85.36, $83.06
05/16/2019, $85.08, 3138168, $84.82, $85.53, $83.82
05/15/2019, $85.8, 3396108, $83.71, $86.45, $83.42
05/14/2019, $84.66, 4228465, $84.21, $85, $83.5
05/13/2019, $83.61, 4840131, $85.73, $86.66, $82.9
05/10/2019, $89.24, 3322803, $89.36, $89.95, $86.96
05/09/2019, $89.38, 4517608, $89.57, $90.12, $86.77
05/08/2019, $91.54, 4226335, $89.95, $94.06, $89.75
05/07/2019, $94.15, 5712406, $95.75, $95.79, $92.7
05/06/2019, $96.98, 3766227, $96.73, $97.38, $95.89
05/03/2019, $100.75, 1377193, $100.67, $100.85, $99.52
05/02/2019, $100.12, 1963832, $98.96, $101.35, $98.12
05/01/2019, $98.96, 2596984, $100.67, $101.16, $98.89
04/30/2019, $99.89, 1967356, $99.8, $100.02, $98.56
04/29/2019, $98.72, 1285967, $98.25, $99.28, $98.15
04/26/2019, $98.41, 1478583, $96, $98.47, $95.09
04/25/2019, $97.48, 2217502, $97.51, $98.284, $95.595
04/24/2019, $98.84, 2260139, $97.47, $99.97, $97.43
04/23/2019, $98.16, 2294128, $97.72, $99.245, $97.56
04/22/2019, $97.6, 2523784, $98.45, $98.72, $97.48
04/18/2019, $98.71, 2411784, $99.73, $99.895, $98.02
04/17/2019, $99.27, 4527265, $100.28, $100.28, $97.05
04/16/2019, $97.77, 4933233, $96.14, $97.88, $96.08
04/15/2019, $95.6, 3185607, $95.33, $96.06, $94.76
04/12/2019, $95.36, 2087604, $95.38, $95.89, $94.64
04/11/2019, $93.97, 1882548, $94.09, $94.39, $93.02
04/10/2019, $94.25, 2249195, $92.87, $94.45, $92.25
04/09/2019, $92.9, 2481780, $93.66, $93.76, $92.56
04/08/2019, $94.06, 2774218, $92.9, $94.238, $91.95
04/05/2019, $92.92, 2874106, $91.57, $93.2, $91.32
04/04/2019, $91.27, 3506631, $90.24, $91.69, $90.19
04/03/2019, $90.3, 4248420, $89.53, $91.36, $88.6501
04/02/2019, $87.72, 4064879, $87.43, $87.865, $86.51
04/01/2019, $87.46, 4086844, $84.14, $87.63, $84.11
03/29/2019, $82.96, 2613025, $82.07, $83.24, $81.95
03/28/2019, $81.15, 2993848, $81.55, $82.39, $80.03
03/27/2019, $81.37, 3455794, $84.3, $84.71, $81.15
03/26/2019, $84.25, 1301066, $84.66, $85.41, $83.79
03/25/2019, $83.82, 1926270, $84.88, $85.26, $83.01
03/22/2019, $85.42, 1997122, $86.71, $87.35, $85.4
03/21/2019, $87.38, 1724268, $84.22, $87.69, $84.22
03/20/2019, $84.28, 1604533, $86.26, $86.72, $83.67
03/19/2019, $86.1, 1702658, $85.7, $86.335, $85.45
03/18/2019, $85.33, 2291874, $85.95, $86.435, $84.76
03/15/2019, $86.1, 3015082, $84.69, $86.89, $84.34
03/14/2019, $84, 1994586, $85.03, $85.47, $83.915
03/13/2019, $85.06, 2492064, $86.77, $87.08, $84.98
03/12/2019, $86.3, 1115012, $87.11, $87.11, $86.01
03/11/2019, $86.8, 1307736, $85.59, $87.14, $85.26
03/08/2019, $85.05, 1802323, $83.45, $85.39, $83.05
03/07/2019, $84.45, 2133727, $85.94, $86.03, $84.25
03/06/2019, $86.48, 1813287, $87.39, $88.07, $86.4
03/05/2019, $87.27, 1817501, $88.41, $88.5, $87.23
03/04/2019, $88.57, 1638726, $89.34, $89.57, $87.59
03/01/2019, $88.64, 2050787, $87.89, $88.91, $87.13
02/28/2019, $86.87, 2843045, $86.34, $87.33, $86.32
02/27/2019, $87.07, 3954020, $88.44, $88.77, $86.63
02/26/2019, $89.06, 1709861, $89.26, $90.03, $88.92
02/25/2019, $89.81, 2351534, $90.26, $91.14, $89.69
02/22/2019, $89.04, 1603389, $89.71, $90, $88.46
02/21/2019, $89, 2076206, $89.66, $90.07, $88.47
02/20/2019, $89.65, 1937475, $90.27, $91.48, $89.5
02/19/2019, $90.69, 1591026, $90.62, $91.36, $90.06
02/15/2019, $91.1, 2284861, $91.35, $91.56, $90.08
02/14/2019, $90.6, 4180315, $90.65, $91.75, $89.9001
02/13/2019, $91.19, 3278533, $91.33, $91.82, $90.6
02/12/2019, $91.51, 4150289, $90.19, $91.8, $90.17
02/11/2019, $88.96, 3008743, $87.75, $89.415, $87
02/08/2019, $87.41, 2836612, $86.73, $87.75, $86.03
02/07/2019, $88.07, 4705202, $87.64, $89.17, $86.54
02/06/2019, $89.31, 10138880, $88.5, $91.75, $88.01
02/05/2019, $83.24, 3351257, $82.27, $83.76, $82.27
02/04/2019, $82.58, 2977062, $81.74, $82.93, $80.77
02/01/2019, $81.87, 3446532, $80.54, $81.91, $79.91
01/31/2019, $80.37, 2233932, $80.35, $81.34, $79.81
01/30/2019, $80.49, 2748095, $80.04, $81.64, $78.21
01/29/2019, $79.49, 2042938, $81.02, $81.73, $79.29
01/28/2019, $80.25, 2645377, $78.2, $80.6, $78.02
01/25/2019, $80.63, 2925768, $79.01, $81.4, $78.53
01/24/2019, $78.44, 5047740, $75.42, $79.58, $74.95
01/23/2019, $74.36, 2461349, $76.96, $76.96, $73.74
01/22/2019, $75.18, 2337033, $76.9, $77.1, $74.39
01/18/2019, $77.64, 2437792, $76.78, $78.03, $75.74
01/17/2019, $76.15, 2175191, $74.53, $76.55, $73.25
01/16/2019, $75.08, 2220850, $75.24, $76.16, $74.92
01/15/2019, $75.01, 2370252, $74.74, $75.71, $74.42
01/14/2019, $74.24, 3236826, $76.47, $76.64, $74.19
01/11/2019, $77.13, 4549439, $76.38, $78.72, $75.94
01/10/2019, $76.62, 2883739, $75.44, $76.87, $75.24
01/09/2019, $75.85, 4419011, $74.25, $76.62, $74.15
01/08/2019, $72.96, 4591499, $71.81, $73, $70.87
01/07/2019, $71.03, 2849410, $69.09, $71.8, $68.71
01/04/2019, $69.01, 3729826, $67.37, $69.365, $67.08
01/03/2019, $66.32, 4773529, $70.05, $70.21, $66.16
01/02/2019, $71.35, 2652520, $70.27, $72.29, $70
12/31/2018, $71.92, 1574112, $72.24, $72.55, $70.92
12/28/2018, $71.64, 1903211, $71.53, $72.81, $70.41
12/27/2018, $71.49, 2308946, $68.96, $71.54, $68.69
12/26/2018, $70.38, 3003361, $66.45, $70.45, $66
12/24/2018, $65.73, 1551102, $67.57, $68.31, $65.67
12/21/2018, $67.99, 5276510, $68.8, $70.2, $67.65
12/20/2018, $68.71, 3350929, $68.53, $70, $67.415
12/19/2018, $68.61, 3614679, $71.83, $72.14, $68.19
12/18/2018, $72.14, 3345738, $71.93, $74.09, $71.69
12/17/2018, $71.21, 2462133, $71.65, $73.52, $70.76
12/14/2018, $71.64, 2841994, $71.16, $72.96, $71.15
12/13/2018, $72.43, 2113415, $73.8, $74.7, $72.05
12/12/2018, $73.58, 2221303, $73.91, $74.51, $72.5
12/11/2018, $72.2, 2557431, $73.24, $74.46, $71.87
12/10/2018, $71.9, 3221212, $70.02, $71.98, $69.545
12/07/2018, $70.26, 2666337, $72.79, $73.41, $69.95
12/06/2018, $73.4, 3228210, $72.31, $73.88, $71.59
12/04/2018, $74.48, 3055023, $76.86, $77.12, $74.39
12/03/2018, $77.76, 5013261, $78.1, $80.61, $76.9
11/30/2018, $75, 2853762, $74.8, $75.12, $73.775
11/29/2018, $74.42, 2735388, $75.1, $76.36, $74.38
11/28/2018, $75.89, 5249407, $74.51, $75.93, $72.9338
11/27/2018, $73.71, 2768921, $74.82, $75.36, $73.16
11/26/2018, $75.74, 2363821, $75.48, $75.81, $74.69
11/23/2018, $74.33, 1560305, $72.06, $74.94, $72.03
11/21/2018, $73, 2663746, $74.22, $74.55, $72.92
11/20/2018, $73, 2976646, $72.93, $74, $71.45
11/19/2018, $73.88, 2740421, $75.54, $75.84, $73.41
11/16/2018, $75.61, 4741008, $74.55, $76.2, $74.26
11/15/2018, $75.35, 4991693, $71.64, $75.37, $71.51
11/14/2018, $72.02, 3552163, $71.96, $72.49, $71.1
11/13/2018, $70.86, 3782324, $70.22, $72.8, $70.18
11/12/2018, $69.66, 2827871, $71.3, $71.58, $69.53
11/09/2018, $72.13, 4358351, $73.43, $73.86, $71.28
11/08/2018, $74.45, 7236591, $71, $76, $70.3
11/07/2018, $70.3, 3334078, $70.61, $70.98, $69.06
11/06/2018, $70.03, 2144453, $68.87, $70.38, $68.77
11/05/2018, $69.33, 2992995, $69.48, $69.82, $67.8
11/02/2018, $69.74, 3478847, $71, $71, $68.51
11/01/2018, $70.37, 5572547, $66.25, $70.97, $65.67
10/31/2018, $65.78, 4967875, $66, $66.26, $65.08
10/30/2018, $64.85, 3276432, $62.43, $64.95, $62.01
10/29/2018, $62.29, 3740120, $63.68, $64.59, $61.23
10/26/2018, $62.37, 8242209, $60.87, $63.45, $60.7
10/25/2018, $62.51, 8503450, $62.21, $64.26, $62.11
10/24/2018, $61.3, 6847058, $65.88, $66.49, $61.27
10/23/2018, $67.22, 5205032, $65.43, $67.6, $64.7
10/22/2018, $66.83, 2942847, $67.73, $68, $66.51
10/19/2018, $67.03, 3224802, $67.46, $68.7, $66.84
10/18/2018, $67.55, 4272296, $68.65, $68.7, $67.15
10/17/2018, $69.05, 3295142, $69.56, $69.78, $68.4001
10/16/2018, $69.15, 3127401, $69.02, $69.58, $68.3101
10/15/2018, $68.22, 4233648, $67.74, $68.71, $67.1101
10/12/2018, $68.26, 5407325, $69.83, $70.22, $67.28
10/11/2018, $67.7, 7740765, $67.33, $69.37, $66.52
10/10/2018, $66.44, 9724909, $66.38, $66.65, $65.13
10/09/2018, $67.38, 6901806, $67.3, $67.8658, $66.26
10/08/2018, $67.7, 4845081, $68.62, $69.59, $66.82
10/05/2018, $69.28, 6118937, $71.45, $71.83, $68.6
10/04/2018, $71.43, 9513884, $75.06, $75.29, $70.63
10/03/2018, $75.12, 5193300, $77.47, $77.65, $75.025
10/02/2018, $77.65, 4176485, $77.8, $78.69, $77.36
10/01/2018, $77.16, 5159494, $79.3, $79.7, $77.14
09/28/2018, $78.91, 4881288, $78.42, $79.12, $77.87
09/27/2018, $78.61, 2504019, $78.76, $79.34, $78.354
09/26/2018, $78.79, 3671913, $78.64, $79.74, $78.6308
09/25/2018, $78.77, 5068621, $80.72, $81.09, $78.58
09/24/2018, $82.3, 1745431, $81.87, $82.6, $81.32
09/21/2018, $82.75, 4101051, $83.62, $83.71, $82.37
09/20/2018, $83.38, 2726651, $82.3, $83.95, $81.72
09/19/2018, $81.37, 2316029, $80.78, $81.59, $80.47
09/18/2018, $80.39, 2802667, $81.03, $81.96, $80.38
09/17/2018, $80.88, 3746257, $82.45, $82.8, $80.86
09/14/2018, $83.6, 3100290, $84.29, $85.22, $83.45
09/13/2018, $83.77, 3589760, $84.25, $85.41, $83.245
09/12/2018, $83.47, 5397061, $82.06, $83.66, $81.03
09/11/2018, $83.23, 3681895, $83.55, $83.93, $82.325
09/10/2018, $84.02, 1833028, $83.67, $84.07, $82.7
09/07/2018, $83.05, 3504265, $83.6, $85.03, $82.67
09/06/2018, $83.9, 4225323, $84.75, $84.9999, $82.61
09/05/2018, $85.14, 2331240, $85.84, $86.09, $84.87
09/04/2018, $86.09, 2156960, $85.16, $86.16, $84.87
08/31/2018, $86.03, 2248437, $85.67, $86.2, $85.04
08/30/2018, $85.55, 2890697, $86.42, $87.48, $85.23
08/29/2018, $86.82, 2779033, $86.95, $87.47, $86.13
08/28/2018, $87.5, 2871233, $89, $89, $87.1
08/27/2018, $88.37, 2762673, $87.51, $88.84, $87.26
08/24/2018, $86.98, 2489727, $86.42, $87.1, $85.84
08/23/2018, $85.67, 2941121, $85.51, $87.13, $85.29
08/22/2018, $85.42, 2730633, $84.23, $85.46, $83.4
08/21/2018, $85.02, 5037013, $83.12, $86.01, $83.12
08/20/2018, $82.5, 4489066, $82.87, $83.196, $81.42
08/17/2018, $83.01, 4563829, $81.5, $83.22, $79.76
08/16/2018, $81.79, 3834272, $83.11, $84.25, $81.57
08/15/2018, $82.34, 4884619, $83.9, $84.8, $81.35
08/14/2018, $84.08, 7233738, $87.02, $87.8, $83.5
08/13/2018, $87.03, 5410181, $87.68, $88.6, $86.863
08/10/2018, $87.41, 19237300, $88.4, $89.8712, $84.77
08/09/2018, $98.08, 3057616, $96.95, $98.26, $96.58
08/08/2018, $97.76, 1850296, $97.39, $97.91, $96.82
08/07/2018, $97.26, 2764816, $96.06, $97.48, $95.51
08/06/2018, $95.6, 4056419, $94.71, $96.13, $94.465
08/03/2018, $95.09, 1688076, $94.58, $95.16, $94
08/02/2018, $94.61, 1238387, $92.7, $94.95, $92.58
08/01/2018, $93.59, 1361884, $93.4, $94.39, $93.08
07/31/2018, $93.43, 1759350, $93.89, $94.98, $93.31
07/30/2018, $93.21, 2006374, $95.36, $95.6, $92.81
07/27/2018, $95.31, 2361965, $95.59, $96.91, $94.87
07/26/2018, $94.67, 2102597, $93.62, $94.73, $92.95
07/25/2018, $92.93, 2818647, $92.93, $93.78, $90.84
07/24/2018, $93.26, 1449934, $94.87, $95.62, $93
07/23/2018, $94.2, 1105964, $93.89, $94.6, $92.74
07/20/2018, $94.37, 1381121, $94.82, $95.07, $93.74
07/19/2018, $94.8, 1124286, $95.64, $95.87, $94.17
07/18/2018, $95.76, 1110215, $94.72, $95.96, $94.72
07/17/2018, $95.05, 1492879, $93.26, $95.13, $93.131
07/16/2018, $94.11, 1077868, $94, $94.83, $93.8453
07/13/2018, $94.03, 1483976, $94.34, $94.53, $93.64
07/12/2018, $94.28, 2196090, $92.77, $94.37, $92.24
07/11/2018, $92.01, 2244903, $93.4, $94.205, $91.59
07/10/2018, $94.6, 1557402, $93.76, $94.76, $93.24
07/09/2018, $93.38, 1463203, $93.75, $94.01, $92.36
07/06/2018, $93.41, 1672002, $91.69, $93.87, $91.39
07/05/2018, $92.13, 1716638, $91.23, $92.34, $90.83
07/03/2018, $90.1, 1059981, $91.82, $91.82, $89.93
07/02/2018, $91.47, 1632164, $90.22, $91.53, $89.2009
06/29/2018, $90.95, 3176031, $90.73, $91.96, $90.41
06/28/2018, $90.44, 2581651, $89.93, $91.26, $89.93
06/27/2018, $90.3, 2809802, $93.32, $94.32, $90.18
06/26/2018, $93.14, 1768227, $93.76, $94.255, $92.7
06/25/2018, $93.24, 3194570, $96.01, $96.3, $92.72
06/22/2018, $96.92, 2843590, $98.98, $99.4, $96.37
06/21/2018, $98.7, 1443934, $101.69, $101.69, $98.63
06/20/2018, $101.23, 1353458, $101.23, $101.58, $100.35
06/19/2018, $100.4, 1812984, $100.15, $101.41, $99.54
06/18/2018, $101.64, 1644102, $101.24, $101.88, $100.5
06/15/2018, $101.98, 2554791, $102.53, $102.53, $100.83
06/14/2018, $102.57, 1586277, $102.64, $103.27, $102.08
06/13/2018, $102.08, 2663168, $102.89, $103.0873, $101.76
06/12/2018, $102.69, 3107969, $102.52, $103.02, $101.83
06/11/2018, $102.4, 1244764, $102.05, $102.93, $101.72
06/08/2018, $102.15, 1536095, $101.37, $104.2, $100.79
06/07/2018, $102.22, 2458376, $103.02, $103.42, $101.27
06/06/2018, $103.31, 2203725, $102.28, $103.37, $101.69
06/05/2018, $102.14, 1990590, $102.75, $102.7999, $101.4079
06/04/2018, $101.41, 4291486, $101.05, $101.73, $100.39
06/01/2018, $101.05, 2948358, $98.36, $101.09, $97.66
05/31/2018, $97.38, 2592279, $97.23, $98.74, $97.02
05/30/2018, $97.51, 3151010, $96.64, $99.09, $95.29
05/29/2018, $95.23, 1896142, $94.86, $95.9762, $94.35
05/25/2018, $95.81, 1378026, $94.81, $95.94, $94.79
05/24/2018, $94.85, 1302589, $93.98, $94.97, $93.445
05/23/2018, $94.08, 1505866, $93.24, $94.14, $92.73
05/22/2018, $94.33, 1703548, $93.55, $95, $93.41
05/21/2018, $93.81, 1297353, $93.92, $94.63, $92.98
05/18/2018, $92.8, 1434901, $92.5, $93.56, $91.93
05/17/2018, $93.37, 1634301, $93.21, $94, $92.64
05/16/2018, $93.51, 1425432, $93.09, $93.97, $93.06
05/15/2018, $93.36, 2991677, $94.69, $94.73, $92.35
05/14/2018, $93.46, 1658977, $94.1, $94.7, $93.19
05/11/2018, $92.95, 1433564, $93.5, $94.22, $92.51
05/10/2018, $93.16, 1769074, $91.635, $93.25, $91.635
05/09/2018, $91.86, 2734189, $91, $91.92, $89.1
05/08/2018, $90.65, 4488013, $89.9, $90.96, $86.52
05/07/2018, $88.74, 3667112, $88.51, $89.71, $87.65
05/04/2018, $87.51, 2188636, $85.47, $87.76, $85.47
05/03/2018, $86.11, 3139924, $83.98, $86.31, $82.64
05/02/2018, $84.78, 2323905, $85.16, $85.635, $84.03
05/01/2018, $85.02, 1688241, $83.19, $85.11, $83
04/30/2018, $83.66, 1773123, $84.75, $85.325, $83.415
04/27/2018, $84.66, 1549818, $85.58, $86.048, $83.53
04/26/2018, $84.9, 2475275, $83.9, $85.36, $83.32
04/25/2018, $82.98, 2701946, $82.66, $84.09, $81.56
04/24/2018, $82.44, 4340874, $85.34, $85.5108, $81.28
04/23/2018, $84.4, 3314726, $85.83, $86.61, $84.33
04/20/2018, $85.68, 3554944, $86.5, $87.6, $84.45
04/19/2018, $85.14, 3195451, $86.3, $86.72, $84.47
04/18/2018, $88, 2246868, $88.67, $89.252, $87.5
04/17/2018, $89.07, 2966705, $86.84, $89.63, $86.75
04/16/2018, $86.23, 3784012, $88.2, $88.2, $85.96
04/13/2018, $87.33, 2451714, $89.57, $89.68, $87
04/12/2018, $89.06, 3052034, $89.16, $89.91, $88.54
04/11/2018, $88.5, 2110589, $87.62, $90, $87.47
04/10/2018, $88.73, 2291164, $88.07, $89.24, $86.96
04/09/2018, $86.2, 3704488, $87.13, $89.0299, $86.12
04/06/2018, $86.27, 2453481, $88.39, $89.71, $85.88
04/05/2018, $89.62, 1991958, $90.62, $90.92, $88.44
04/04/2018, $90.18, 2115538, $87.16, $90.41, $86.91
04/03/2018, $89.03, 2398451, $88.39, $89.2, $87.35
04/02/2018, $87.63, 4357279, $90.99, $91.5, $87.23
03/29/2018, $91.36, 4269410, $91.93, $92.61, $90.45
03/28/2018, $91.16, 3668539, $94.07, $94.39, $90.93
03/27/2018, $94.4, 2799803, $98.67, $99.09, $93.73
03/26/2018, $97.99, 1707744, $95.99, $98.08, $94.61
03/23/2018, $94.01, 3595337, $96.7, $97, $94.01
03/22/2018, $96.55, 2195996, $97.65, $98.83, $96.5
03/21/2018, $99.21, 2514672, $98.06, $100.27, $98.045
03/20/2018, $98.54, 2257257, $97.33, $98.91, $97.01
03/19/2018, $96.97, 2592186, $97.24, $97.47, $94.89
03/16/2018, $98.18, 2649590, $97.6, $98.8, $97.24
03/15/2018, $97.53, 1692662, $97.44, $97.82, $96.86
03/14/2018, $97.25, 2345534, $98.53, $98.695, $96.76
03/13/2018, $98.03, 3670379, $100.99, $101.48, $97.48
03/12/2018, $100.24, 2922871, $99.53, $100.5, $99.3
03/09/2018, $98.97, 4274372, $96.91, $99.13, $96.45
03/08/2018, $95.34, 3912137, $97, $97.16, $94.56
03/07/2018, $95.57, 3004108, $95.08, $96.0842, $94.22
03/06/2018, $96.57, 4778460, $94.99, $96.76, $93.74
03/05/2018, $94.47, 3937393, $91.73, $94.91, $91.09
03/02/2018, $91.29, 8528589, $92.39, $93.75, $89
03/01/2018, $89.02, 3826541, $89.02, $90, $87.56
02/28/2018, $88.93, 4110616, $89.42, $90.51, $88.7
02/27/2018, $88.55, 6104112, $87.76, $92.27, $87.61
02/26/2018, $86.38, 2214218, $85.45, $86.46, $85.25
02/23/2018, $85.16, 2056627, $84.81, $85.22, $83.67
02/22/2018, $83.92, 2198189, $84.18, $85.63, $83.25
02/21/2018, $84.15, 3235858, $85.23, $85.84, $83.6
02/20/2018, $84.86, 3966052, $82.64, $86.52, $82.64
02/16/2018, $83.41, 3553643, $82.23, $83.819, $82.23
02/15/2018, $82.49, 3567405, $83.11, $83.28, $81
02/14/2018, $82.21, 3684172, $80.04, $82.38, $80
02/13/2018, $80.81, 4269566, $82.11, $82.71, $80.13
02/12/2018, $83.02, 5014428, $81.51, $83.51, $81.51
02/09/2018, $81.04, 5716768, $80.77, $81.98, $78.33
02/08/2018, $79.9, 8111257, $83, $83.21, $79.24
02/07/2018, $82.91, 13572060, $87.55, $89, $82.81
02/06/2018, $91.92, 5430064, $88.14, $91.92, $87.9
02/05/2018, $89.5, 3508555, $93.1, $94.05, $89.47
02/02/2018, $93.31, 1934289, $94, $94.94, $93.24
02/01/2018, $94.54, 1932010, $94.91, $95.89, $94.1142
01/31/2018, $95.22, 1941162, $95.79, $96.21, $94.52
01/30/2018, $94.99, 2042835, $96.35, $96.51, $94.89
01/29/2018, $96.88, 1951068, $96.14, $97.29, $95.375
01/26/2018, $96.91, 3242194, $93.92, $97.07, $93.48
01/25/2018, $92.48, 2717674, $96.31, $96.35, $92.25
01/24/2018, $95.36, 3282275, $96.86, $97.8, $94.885
01/23/2018, $98.52, 1609093, $98.69, $99.17, $98.07
01/22/2018, $98.69, 1743341, $97.61, $98.71, $97.23
01/19/2018, $97.45, 3759749, $97.85, $98.14, $96.94
01/18/2018, $97.29, 2416558, $96.02, $97.6, $95.87
01/17/2018, $96.02, 2853273, $94.38, $96.375, $93.92
01/16/2018, $93.33, 1597370, $94.03, $94.37, $92.675
01/12/2018, $93.44, 1271326, $92.33, $93.65, $91.79
01/11/2018, $92.11, 1077574, $91.18, $92.34, $90.72
01/10/2018, $90.95, 1992106, $91.95, $92.2614, $90.08
01/09/2018, $92.51, 2223308, $92.73, $93.03, $91.68
01/08/2018, $92.62, 1084335, $91.94, $92.87, $91.34
01/05/2018, $92.26, 1484800, $92.58, $92.88, $91.57
01/04/2018, $91.99, 1646289, $92.23, $92.85, $91.44
01/03/2018, $91.77, 2530031, $90.51, $92.18, $90.38
01/02/2018, $90.41, 1633061, $88.58, $90.54, $88.26
12/29/2017, $87.88, 904040, $88.7, $89, $87.83
12/28/2017, $88.61, 1148434, $88.9, $89, $88.18
12/27/2017, $88.4, 819161, $88.95, $89.12, $88.29
12/26/2017, $88.63, 585754, $88.19, $88.92, $87.77
12/22/2017, $88.92, 929290, $89.33, $89.61, $88.12
12/21/2017, $89.46, 1414975, $90.32, $90.65, $89.38
12/20/2017, $90.22, 1793995, $90.06, $90.89, $89.47
12/19/2017, $89.59, 1758863, $89.22, $89.84, $88.42
12/18/2017, $88.97, 2230425, $87.29, $89.39, $87.29
12/15/2017, $86.75, 3234477, $86.23, $87.25, $85.36
12/14/2017, $85.47, 1981665, $86.45, $86.64, $85.37
12/13/2017, $86.4, 1469681, $86.41, $86.94, $85.94
12/12/2017, $85.84, 1898172, $86.79, $87.04, $85.66
12/11/2017, $87.39, 1621385, $87.46, $88.43, $86.92
12/08/2017, $87.41, 1856919, $88.1, $88.4775, $87.26
12/07/2017, $87.39, 1830534, $86.41, $87.65, $86.134
12/06/2017, $86.31, 1508786, $85.8, $86.83, $85.29
12/05/2017, $86.21, 2434032, $85.97, $88.62, $85.5583
12/04/2017, $86.3, 2514452, $87.43, $87.935, $85.71
12/01/2017, $87, 3099269, $86.4, $87.31, $85.1
11/30/2017, $86.99, 3665339, $87.19, $88.75, $86.67
11/29/2017, $86.58, 4389759, $90.21, $90.295, $85.95
11/28/2017, $90.58, 2165941, $89.15, $90.68, $88.85
11/27/2017, $88.93, 2570343, $90.47, $90.62, $88.63
11/24/2017, $90.97, 727935, $90.29, $91.04, $90.22
11/22/2017, $90.4, 1634575, $91.66, $92.2552, $90.39
11/21/2017, $91.87, 1550741, $91.94, $92.6247, $91.61
11/20/2017, $91.39, 1460446, $91.48, $91.89, $91.14
11/17/2017, $91.3, 2099233, $91.02, $91.59, $90.64
11/16/2017, $90.78, 1785813, $89.76, $91.06, $89.63
11/15/2017, $89.59, 1491396, $90.46, $90.7, $89.28
11/14/2017, $91.01, 1509213, $90.67, $91.12, $90.01
11/13/2017, $91.02, 1399306, $91.01, $91.33, $90.47
11/10/2017, $91.56, 1827117, $90.88, $91.67, $90.36
11/09/2017, $90.81, 3367652, $92.33, $92.44, $89.58
11/08/2017, $92.81, 4660042, $91.35, $93.12, $90.9062
11/07/2017, $91.44, 4740307, $95, $95.92, $90.5
11/06/2017, $95.36, 3056440, $94.31, $95.62, $94.17
11/03/2017, $93.66, 1451459, $93.72, $94.02, $92.53
11/02/2017, $93.46, 1399892, $92.38, $93.91, $92.13
11/01/2017, $92.99, 2945780, $94.3, $95.14, $92.52
10/31/2017, $94.8, 1233505, $95.23, $95.69, $94.62
10/30/2017, $95.21, 1985859, $94.21, $95.49, $93.96
10/27/2017, $94.72, 1969380, $93.81, $94.81, $92.73
10/26/2017, $93.12, 1255064, $92.84, $93.64, $92.84
10/25/2017, $92.32, 1690591, $92.87, $93.1994, $91.57
10/24/2017, $93.31, 844895, $92.63, $93.41, $92.53
10/23/2017, $92.61, 1687136, $93.11, $93.39, $92.29
10/20/2017, $92.73, 1808958, $93.89, $94.66, $92.5
10/19/2017, $93.05, 1541928, $91.6, $93.11, $90.55
10/18/2017, $92.12, 1662784, $91.59, $92.36, $90.39
10/17/2017, $91.7, 960040, $91.79, $91.87, $91.17
10/16/2017, $91.89, 834050, $92.23, $92.29, $91.6
10/13/2017, $91.76, 1053119, $92.24, $92.51, $91.41
10/12/2017, $91.78, 1131752, $91.47, $92.4, $91.47
10/11/2017, $91.93, 1122045, $91.73, $92.13, $91.37
10/10/2017, $91.92, 1097135, $92, $92.33, $91.1
10/09/2017, $91.49, 1098871, $91.85, $91.99, $91.26
10/06/2017, $91.55, 1349550, $90.91, $91.59, $90.29
10/05/2017, $91.3, 1834299, $91.81, $91.82, $90.75
10/04/2017, $91.6, 2559229, $90.67, $91.61, $90.021
10/03/2017, $90.72, 1720884, $90.55, $90.95, $90.26
10/02/2017, $90.55, 1954893, $90.37, $91.23, $90.15
09/29/2017, $89.78, 2191490, $89.11, $89.99, $88.87
09/28/2017, $89.14, 1935634, $88.63, $89.28, $88.29
09/27/2017, $88.92, 1770105, $88.49, $89.52, $88.2401
09/26/2017, $87.76, 1775253, $88.8, $89.29, $87.19
09/25/2017, $88.07, 1605160, $89.05, $89.38, $87.5901
09/22/2017, $89.69, 1296538, $88.09, $89.79, $88.09
09/21/2017, $88.38, 1771638, $88.47, $88.77, $87.39
09/20/2017, $88.32, 3303915, $90.82, $90.91, $86.77
09/19/2017, $90.98, 2188805, $91.11, $91.83, $90.4
09/18/2017, $91.01, 2328437, $90, $91.24, $89.93
09/15/2017, $89.62, 4076826, $89.78, $90.57, $89.33
09/14/2017, $89.24, 3188652, $88.21, $89.73, $88.18
09/13/2017, $88.34, 1439069, $88.03, $88.54, $87.83
09/12/2017, $88.45, 1545924, $88.62, $88.89, $87.75
09/11/2017, $88.38, 1946013, $87.8, $88.48, $86.8758
09/08/2017, $86.57, 1621897, $87.3, $87.61, $86.37
09/07/2017, $87.39, 1509293, $86.185, $87.5, $85.71
09/06/2017, $86.12, 2151428, $86.15, $86.54, $85
09/05/2017, $86.49, 2143270, $86.99, $87.77, $85.48
09/01/2017, $87.85, 1700898, $86.96, $88, $86.71
08/31/2017, $86.8, 2108449, $85.84, $86.97, $85.55
08/30/2017, $85.68, 2855031, $84, $85.75, $83.99
08/29/2017, $83.83, 1519881, $82.89, $84, $82.86
08/28/2017, $83.76, 1156221, $83.06, $83.93, $82.71
08/25/2017, $82.63, 770343, $82.82, $83.22, $82.45
08/24/2017, $82.69, 1456730, $82.95, $83.49, $82.35
08/23/2017, $82.9, 1242081, $82.01, $83.12, $81.8
08/22/2017, $82.71, 1329939, $81.89, $82.9299, $81.89
08/21/2017, $81.53, 912503, $81.85, $81.92, $80.92
08/18/2017, $81.58, 1349171, $81.92, $82.37, $81.33
08/17/2017, $81.65, 1779891, $83.39, $83.54, $81.6
08/16/2017, $84.16, 1336262, $84.39, $84.77, $83.66
08/15/2017, $84.29, 1688083, $84.06, $84.44, $83.29
08/14/2017, $84.02, 2064942, $83.38, $84.47, $83.02
08/11/2017, $82.21, 1407161, $81.4, $82.72, $81.37
08/10/2017, $81.24, 2287035, $82.95, $83.26, $81.11
08/09/2017, $83.6, 1381204, $83.92, $84.21, $83.11
08/08/2017, $84.62, 2631717, $84.93, $85.94, $84.23
08/07/2017, $84.98, 2338934, $83.58, $85.04, $83.02
08/04/2017, $83.49, 5018798, $81.43, $83.83, $80.81
08/03/2017, $80.68, 3088517, $79.87, $81, $79.57
08/02/2017, $79.82, 1839048, $80.68, $81.1, $79.14
08/01/2017, $80.33, 1195205, $80.61, $80.8, $80.03
07/31/2017, $80.04, 1862580, $81, $81.36, $79.95
07/28/2017, $80.7, 1251550, $80.67, $80.9, $80.07
07/27/2017, $80.93, 2083647, $82.98, $83.19, $79.8
07/26/2017, $82.69, 2228450, $81.55, $83.24, $81.4
07/25/2017, $80.94, 1501979, $80.5, $81.385, $80.12
07/24/2017, $80.55, 1801521, $81, $81.24, $80.38
07/21/2017, $80.88, 2633020, $82, $82.05, $80.66
07/20/2017, $83.04, 1692233, $82.51, $83.38, $82.05
07/19/2017, $82.31, 2097179, $82.07, $82.48, $81.71
07/18/2017, $81.57, 1193295, $80.81, $81.61, $80.39
07/17/2017, $81.03, 1452286, $80.9, $81.35, $80.36
07/14/2017, $80.84, 1417469, $79.88, $81.015, $79.73
07/13/2017, $79.49, 2239010, $80.38, $80.585, $79.35
07/12/2017, $80.16, 3132131, $79.93, $81.25, $79.5401
07/11/2017, $79.11, 1382926, $78.76, $79.63, $78.61
07/10/2017, $78.76, 1766756, $78.39, $79.075, $77.95
07/07/2017, $78.36, 1822490, $77.48, $79.01, $77.21
07/06/2017, $77.12, 1656814, $77.1, $78.18, $76.5
07/05/2017, $77.94, 3103157, $76.02, $78.11, $76.02
07/03/2017, $75.81, 1132364, $77.73, $77.99, $75.8
06/30/2017, $77.18, 2424756, $77.83, $78.27, $76.96
06/29/2017, $77.38, 3254710, $79.25, $79.3367, $76.31
06/28/2017, $79.83, 3231011, $79.05, $79.98, $77.55
06/27/2017, $78.71, 2479360, $80.05, $80.42, $78.66
06/26/2017, $80.3, 1675122, $81.6, $82.71, $80.22
06/23/2017, $81.59, 2712720, $80.22, $81.71, $79.8
06/22/2017, $80.07, 2747237, $80.78, $81.105, $80.02
06/21/2017, $80.83, 4794004, $80.67, $81.175, $79.89
06/20/2017, $80.35, 2330812, $82.71, $82.84, $80.27
06/19/2017, $82.61, 2424666, $81.96, $83.04, $81.81
06/16/2017, $81.23, 4066842, $81.81, $82.179, $80.77
06/15/2017, $81.57, 2458013, $81.06, $81.84, $80.71
06/14/2017, $82.3, 2259985, $83.9, $84.1, $81.38
06/13/2017, $83.53, 3267127, $83.63, $84.5, $82.05
06/12/2017, $83.08, 4120840, $81.83, $83.1, $80.3
06/09/2017, $83.48, 4307111, $87.25, $87.49, $81.72
06/08/2017, $86.86, 1732530, $86.58, $86.9, $85.64
06/07/2017, $86.3, 2767690, $85.56, $86.51, $85.32
06/06/2017, $85.19, 3240691, $84.32, $85.6, $83.56
06/05/2017, $84.51, 2618493, $84.55, $85.55, $84.41
06/02/2017, $84.34, 2300578, $83.74, $84.63, $82.89
06/01/2017, $83.43, 2015403, $83.62, $83.98, $83.22
05/31/2017, $83.3, 2576572, $83.09, $84, $82.48
05/30/2017, $82.51, 2492738, $81.82, $82.86, $81.7
05/26/2017, $81.7, 1806639, $81.49, $81.79, $81.055
05/25/2017, $81.77, 2383556, $82, $82.36, $81.5801
05/24/2017, $81.66, 1871192, $81.53, $81.81, $81.08
05/23/2017, $81.35, 1922465, $81.27, $81.94, $80.64
05/22/2017, $81.11, 1689756, $80.29, $81.315, $80.18
05/19/2017, $80.18, 1766677, $79.48, $80.42, $79.37
05/18/2017, $79.34, 2616604, $78.39, $79.75, $77.875
05/17/2017, $78.34, 2899599, $80.9, $81.22, $78.24
05/16/2017, $81.63, 2588307, $79.92, $81.73, $79.71
05/15/2017, $80.13, 2266624, $79.06, $80.14, $78.97
05/12/2017, $79, 1922270, $79, $79.2725, $78.62
05/11/2017, $79.04, 3706026, $78.39, $79.56, $77.97
05/10/2017, $78.51, 6538264, $79.89, $80.2, $77.6721
05/09/2017, $76.45, 3818855, $75.46, $76.48, $75.18
05/08/2017, $75.46, 2214813, $75.33, $75.83, $74.86
05/05/2017, $75.17, 2147977, $75.37, $75.37, $74.55
05/04/2017, $75.01, 2306903, $75.34, $75.645, $74.83
05/03/2017, $75.25, 2452097, $75.53, $75.7599, $74.97
05/02/2017, $75.69, 2193968, $76.1, $76.15, $75.12
05/01/2017, $76.16, 1240187, $75.92, $76.26, $75.05
04/28/2017, $75.58, 2217435, $76.72, $76.72, $75.41
04/27/2017, $76.75, 2070403, $76.55, $77.32, $76.46
04/26/2017, $76.15, 2319241, $76.73, $76.805, $75.75
04/25/2017, $76.73, 2602401, $76, $76.8, $75.76
04/24/2017, $75.95, 1608806, $75.48, $76.1, $75.11
04/21/2017, $74.43, 2963482, $74.76, $75, $73.87
04/20/2017, $75.63, 3207739, $75.51, $75.96, $75.15
04/19/2017, $74.86, 3276750, $74.54, $75.43, $74.47
04/18/2017, $74.13, 2330433, $72.6, $74.31, $72.56
04/17/2017, $73.02, 1431066, $72.55, $73.18, $72.36
04/13/2017, $72.24, 2721986, $72.02, $72.89, $71.91
04/12/2017, $72.15, 3231723, $72.63, $72.7, $71.71
04/11/2017, $72.66, 3510998, $73.04, $73.13, $71.401
04/10/2017, $73.41, 1908303, $74.06, $74.37, $73.28
04/07/2017, $74.06, 2489022, $73.56, $74.26, $73.27
04/06/2017, $73.52, 2064971, $72.9, $73.81, $72.12
04/05/2017, $73.02, 1945376, $73.53, $74.4699, $72.8102
04/04/2017, $73.45, 2198898, $73.76, $74.595, $73.24
04/03/2017, $73.21, 2101700, $73.94, $74.46, $72.46
03/31/2017, $73.78, 2373069, $73.71, $74.33, $73
03/30/2017, $73.88, 1326106, $73.63, $74.37, $73.5
03/29/2017, $73.68, 2546198, $73.14, $73.88, $73.01
03/28/2017, $73.5, 2031243, $72.81, $74.04, $72.615
03/27/2017, $72.82, 1899678, $72.6, $73.42, $71.88
03/24/2017, $73.15, 2015657, $73.59, $74.125, $72.95
03/23/2017, $72.75, 1786447, $73.38, $73.38, $72.48
03/22/2017, $73.5, 2236594, $72.51, $73.6924, $72.35
03/21/2017, $72.34, 2579145, $74.63, $74.82, $72.2301
03/20/2017, $74.35, 1422206, $74.4, $74.78, $74.21
03/17/2017, $74.28, 3404460, $74.48, $74.86, $74.14
03/16/2017, $74.12, 1696804, $74.75, $74.9, $73.845
03/15/2017, $74.52, 2247355, $74.17, $74.65, $73.68
03/14/2017, $73.99, 1786544, $74.31, $74.31, $73.71
03/13/2017, $74.5, 1394849, $74.08, $74.58, $73.87
03/10/2017, $73.95, 1530945, $74.11, $74.39, $73.75
03/09/2017, $73.48, 1715395, $73.43, $73.6205, $73.02
03/08/2017, $73.53, 3535920, $74.12, $74.63, $73.39
03/07/2017, $73.84, 4417168, $73.85, $74.48, $73.4
03/06/2017, $73.92, 3590021, $72.87, $74.2, $72.62
03/03/2017, $73.3, 2373553, $73.12, $73.37, $72.71
03/02/2017, $73.01, 3084766, $73.31, $73.83, $72.75
03/01/2017, $73.64, 5526434, $73.24, $73.8, $72.2332
02/28/2017, $72.52, 5667358, $72.94, $73.22, $72.1
02/27/2017, $73.13, 3338946, $72.71, $73.15, $72.42
02/24/2017, $72.83, 2793551, $72.24, $72.905, $71.84
02/23/2017, $72.71, 4276256, $73.04, $73.1, $72.34
02/22/2017, $73.04, 4322987, $72.51, $73.1299, $72.24
02/21/2017, $72.48, 3901023, $71.89, $72.53, $71.75
02/17/2017, $71.68, 2295182, $71.54, $71.7, $71.0601
02/16/2017, $71.71, 3261531, $71.55, $71.75, $70.97
02/15/2017, $71.9, 5638430, $70.96, $72.055, $70.72
02/14/2017, $70.78, 5396933, $70.63, $71.315, $70.1772
02/13/2017, $70.66, 7496151, $71.04, $71.53, $70.41
02/10/2017, $70.9, 17639820, $70.54, $71.02, $69.76
02/09/2017, $70.93, 30440920, $73.5, $73.5, $70.62
02/08/2017, $73.8, 11808940, $76.5, $76.5, $73.02
02/07/2017, $69.62, 2251618, $69.28, $69.65, $69.03
02/06/2017, $69.17, 2244125, $69.15, $69.43, $68.83
02/03/2017, $69.43, 1849486, $69.22, $69.73, $68.49
02/02/2017, $68.78, 1760664, $67.83, $68.83, $67.44
02/01/2017, $68.41, 1937986, $67.71, $68.52, $67.37
01/31/2017, $67.35, 2398735, $68.83, $68.86, $66.85
01/30/2017, $69.06, 1652640, $68.65, $69.09, $67.77
01/27/2017, $68.76, 1420391, $67.95, $68.78, $67.83
01/26/2017, $67.63, 2653948, $68.94, $68.94, $67.58
01/25/2017, $68.82, 2127918, $68.4, $69.02, $68.25
01/24/2017, $67.9, 1752435, $67.34, $67.96, $67.06
01/23/2017, $67.03, 1758848, $66.72, $67.1999, $66.37
01/20/2017, $66.93, 1952148, $65.96, $66.97, $65.85
01/19/2017, $65.69, 1595267, $66.3, $67.19, $65.6
01/18/2017, $66.5, 3159701, $65.21, $66.65, $65.033
01/17/2017, $64.95, 1485877, $66.02, $66.126, $64.68
01/13/2017, $66.34, 1382101, $66.62, $66.7, $66.23
01/12/2017, $66.48, 2440936, $66.36, $66.63, $65.47
01/11/2017, $66.48, 3248988, $64.69, $66.51, $64.5
01/10/2017, $64.85, 1158323, $64.42, $64.98, $64.12
01/09/2017, $64.42, 1953684, $63.61, $64.82, $63.61
01/06/2017, $63.68, 1368540, $62.75, $63.9301, $62.52
01/05/2017, $62.59, 2712215, $63.54, $63.83, $62.21
01/04/2017, $63.82, 2230307, $64.07, $64.13, $63.45
01/03/2017, $63.85, 2553895, $64.51, $64.98, $63.17
12/30/2016, $64.15, 1006711, $65.05, $65.05, $63.81
12/29/2016, $64.76, 1241958, $64.65, $65, $64.41
12/28/2016, $64.67, 835236, $65.51, $65.66, $64.66
12/27/2016, $65.4, 898131, $65.36, $66.06, $65.31
12/23/2016, $65.4, 520347, $65.11, $65.42, $64.88
12/22/2016, $65.38, 1190829, $65.53, $65.53, $64.83
12/21/2016, $65.17, 1043011, $65.46, $65.71, $64.761
12/20/2016, $65.3, 1108509, $65.36, $65.78, $65.01
12/19/2016, $65.01, 1006691, $64.57, $65.49, $64.48
12/16/2016, $64.53, 2881311, $66.19, $66.24, $64.42
12/15/2016, $65.83, 3158926, $65.32, $66.29, $64.9
12/14/2016, $65.05, 1600794, $64.96, $65.6, $64.9
12/13/2016, $65.1, 1310319, $64.18, $65.4, $64.01
12/12/2016, $63.61, 1670503, $64.37, $64.58, $62.95
12/09/2016, $64.53, 1455713, $65.32, $65.36, $64.14
12/08/2016, $65.19, 1822139, $64.56, $65.27, $64.19
12/07/2016, $64.5, 1628599, $63.52, $64.59, $63.04
12/06/2016, $63.49, 2150219, $63.22, $63.7, $62.98
12/05/2016, $63.23, 2936764, $62.73, $63.71, $62.3901
12/02/2016, $62.05, 2732265, $61.19, $62.6997, $60.85
12/01/2016, $61.23, 8812416, $66.33, $66.39, $60.77
11/30/2016, $66.18, 3249798, $66.01, $66.76, $65.54
11/29/2016, $66.03, 1942505, $65.76, $66.325, $65.49
11/28/2016, $65.9, 1959636, $65.98, $66.81, $65.64
11/25/2016, $66.08, 625856, $65.96, $66.2475, $65.84
11/23/2016, $66.11, 1712266, $65.5, $66.12, $65.28
11/22/2016, $65.57, 2328931, $65.18, $65.66, $64.84
11/21/2016, $65.2, 2913165, $64.9, $65.61, $64.62
11/18/2016, $64.57, 3068344, $65.16, $65.45, $64.26
11/17/2016, $65.45, 1579099, $65.31, $65.9, $64.835
11/16/2016, $65.65, 1827355, $64.77, $65.73, $64.5
11/15/2016, $65.19, 2296322, $63.63, $65.26, $63.46
11/14/2016, $63.53, 2413787, $63.68, $63.81, $63.1
11/11/2016, $63.15, 2409663, $62.44, $63.21, $62.16
11/10/2016, $62.44, 5048491, $64.54, $65.42, $62.11
11/09/2016, $64.31, 3321176, $62.21, $64.72, $61.55
11/08/2016, $63.96, 5088029, $65.23, $65.61, $63.19
11/07/2016, $62.23, 3440729, $61.12, $62.33, $60.9
11/04/2016, $60.22, 2100114, $59.52, $60.52, $59.45
11/03/2016, $59.63, 1211736, $59.98, $60.18, $59.38
11/02/2016, $59.86, 2063125, $60.22, $60.6799, $59.78
11/01/2016, $60.18, 1993644, $60.8, $60.89, $59.5
10/31/2016, $60.55, 2411189, $60.69, $61.21, $60.53
10/28/2016, $60.3, 1062994, $60.46, $61.02, $60.09
10/27/2016, $60.36, 1612777, $60.75, $61.42, $60.14
10/26/2016, $60.55, 1552009, $60.53, $60.76, $60.11
10/25/2016, $60.91, 1654527, $60.66, $61.18, $60.5892
10/24/2016, $60.64, 1159332, $59.93, $60.7, $59.93
10/21/2016, $59.5, 1004103, $59.41, $59.66, $58.79
10/20/2016, $59.71, 1301240, $59.81, $60.08, $59.1
10/19/2016, $60.01, 3082560, $58.72, $60.27, $58.42
10/18/2016, $58.86, 1740502, $59.41, $59.63, $58.79
10/17/2016, $58.7, 1347405, $58.9, $59.41, $58.66
10/14/2016, $59, 2029392, $58.78, $59.74, $58.48
10/13/2016, $58.41, 2022806, $58.53, $58.53, $57.52
10/12/2016, $59, 2898443, $59.51, $59.59, $58.47
10/11/2016, $59.69, 2434295, $61.1, $61.4, $59.08
10/10/2016, $61.31, 1362412, $62.3, $62.56, $61.225
10/07/2016, $62.06, 1184707, $62.6, $62.6, $61.52
10/06/2016, $62.58, 1516866, $62.12, $62.6, $61.785
10/05/2016, $62.12, 1401918, $61.66, $62.6, $61.5
10/04/2016, $61.32, 1282258, $61.78, $62.2, $61.12
10/03/2016, $61.82, 1216755, $62.06, $62.43, $61.65
09/30/2016, $62.14, 2632626, $62.11, $62.7264, $61.845
09/29/2016, $61.97, 1970203, $61.65, $62.38, $60.89
09/28/2016, $61.65, 1335023, $61.41, $61.78, $61.08
09/27/2016, $61.32, 1529797, $60.31, $61.39, $60
09/26/2016, $60.47, 956099, $60.5, $60.75, $60.1
09/23/2016, $60.64, 985163, $61.24, $61.34, $60.6
09/22/2016, $61.18, 1690761, $61.55, $61.84, $60.57
09/21/2016, $61.12, 1424294, $60.52, $61.17, $60.3201
09/20/2016, $60.2, 1487450, $60.79, $60.84, $60.07
09/19/2016, $60.59, 1232358, $60.73, $61.29, $60.3
09/16/2016, $60.31, 3382650, $60.41, $60.74, $59.62
09/15/2016, $60.44, 2934701, $59.48, $60.89, $59.331
09/14/2016, $59.41, 1411543, $59.08, $59.56, $58.6
09/13/2016, $59.13, 2435742, $59.58, $59.96, $58.87
09/12/2016, $59.86, 1952287, $58.38, $59.99, $58.15
09/09/2016, $58.52, 2946665, $60.16, $60.3827, $58.32
09/08/2016, $60.66, 1752364, $60.76, $60.95, $60.301
09/07/2016, $60.78, 5061068, $61.48, $61.86, $60.55
09/06/2016, $62.27, 2755192, $62.81, $63.11, $61.805
09/02/2016, $62.69, 1865950, $62.74, $63, $62.265
09/01/2016, $62.8, 3413443, $62.1, $62.8, $61.56
08/31/2016, $61.91, 2265537, $61.57, $61.99, $61.15
08/30/2016, $61.43, 1516308, $61.77, $62.24, $61.25
08/29/2016, $61.6, 1116409, $61.67, $62, $61.56
08/26/2016, $61.58, 1537357, $61.22, $62.24, $61.19
08/25/2016, $61.13, 1770413, $61.04, $61.63, $60.9
08/24/2016, $61.02, 1457406, $61.15, $61.45, $60.88
08/23/2016, $61.4, 1740939, $61.57, $61.91, $61.37
08/22/2016, $61.27, 1234836, $60.95, $61.33, $60.92
08/19/2016, $61.3, 1705650, $61.29, $61.82, $61.05
08/18/2016, $61.23, 1736806, $60.79, $61.32, $60.5
08/17/2016, $60.95, 1117348, $60.76, $61, $60.3
08/16/2016, $60.83, 1397667, $60.89, $61.28, $60.59
08/15/2016, $61.21, 2375692, $60.78, $61.27, $60.53
08/12/2016, $60.51, 1470643, $61.52, $61.52, $60.285
08/11/2016, $60.77, 2574730, $60.37, $60.86, $60.16
08/10/2016, $60.35, 3541078, $60.61, $60.85, $60.18
08/09/2016, $60.63, 8230509, $59.63, $61.97, $59.46
08/08/2016, $56.63, 1935486, $56.6, $57.13, $56.52
08/05/2016, $56.56, 2003162, $55.97, $56.57, $55.84
08/04/2016, $55.75, 1787336, $55.4, $55.825, $55.35
08/03/2016, $55.33, 1585595, $54.91, $55.38, $54.815
08/02/2016, $54.98, 1813015, $55.58, $55.75, $54.51
08/01/2016, $55.81, 2159141, $56.04, $56.24, $55.56
07/29/2016, $55.64, 3721959, $56.84, $56.94, $55.64
07/28/2016, $56.69, 1668771, $57, $57.309, $56.29
07/27/2016, $57.08, 3222590, $57.54, $57.54, $56.36
07/26/2016, $57.34, 6198987, $54.75, $58.74, $54.31
07/25/2016, $54.27, 1733929, $53.68, $54.53, $53.68
07/22/2016, $54.17, 1615869, $53.91, $54.215, $53.33
07/21/2016, $53.8, 1718544, $54.15, $54.325, $53.63
07/20/2016, $54.34, 1490646, $53.95, $54.52, $53.641
07/19/2016, $53.71, 1341105, $53.79, $53.95, $53.45
07/18/2016, $54.04, 1554737, $54.6, $54.67, $53.87
07/15/2016, $53.77, 5844890, $53.71, $53.97, $53.39
07/14/2016, $53.61, 1514110, $53.8, $54.04, $53.38
07/13/2016, $53.25, 1778600, $53.34, $53.705, $53.14
07/12/2016, $53.1, 1826929, $52.68, $53.22, $52.68
07/11/2016, $52.35, 2199501, $52.6, $52.6, $51.915
07/08/2016, $51.87, 1561015, $50.87, $51.93, $50.77
07/07/2016, $50.4, 1957845, $49.67, $52.03, $49.67
07/06/2016, $49.49, 2513594, $49.6, $49.72, $48.97
07/05/2016, $49.84, 2147482, $50.16, $50.16, $49.38
07/01/2016, $50.42, 1450892, $50.59, $50.7199, $50.04
06/30/2016, $50.76, 3357183, $49.78, $50.81, $49.5
06/29/2016, $49.7, 2736482, $49.66, $50.02, $49.38
06/28/2016, $49.36, 1976571, $48.79, $49.54, $48.61
06/27/2016, $48.13, 3241635, $49.89, $50, $47.81
06/24/2016, $50.47, 3156952, $50.7, $51.67, $50.165
06/23/2016, $52.84, 1511493, $51.89, $52.86, $51.75
06/22/2016, $51.59, 1499621, $51.86, $52.25, $51.45
06/21/2016, $51.91, 1397043, $52.03, $52.17, $51.6899
06/20/2016, $51.87, 1763812, $51.85, $52.3, $51.57
06/17/2016, $51.21, 3674375, $51.96, $51.96, $51
06/16/2016, $52.05, 1881939, $51.84, $52.115, $51.22
06/15/2016, $52.1, 1570281, $52.34, $52.46, $51.79
06/14/2016, $52.2, 1670664, $51.65, $52.285, $51.46
06/13/2016, $51.91, 1432827, $52.01, $52.43, $51.84
06/10/2016, $52.25, 2869130, $52.34, $52.68, $52.04
06/09/2016, $52.77, 1568133, $52.78, $52.8, $51.88
06/08/2016, $52.99, 1661625, $52.9, $53.17, $52.54
06/07/2016, $52.81, 2105252, $51.91, $52.94, $51.88
06/06/2016, $51.76, 1847801, $51.8, $52.2, $51.73
06/03/2016, $51.81, 1768035, $51.7, $51.99, $51.33
06/02/2016, $51.72, 1554568, $51.54, $51.94, $51.48
06/01/2016, $51.71, 1415702, $51.38, $51.78, $51.15
05/31/2016, $51.68, 2599310, $51.13, $51.735, $50.34
05/27/2016, $50.99, 1494703, $50.76, $51.05, $50.51
05/26/2016, $50.66, 1764888, $50.07, $50.74, $50.07
05/25/2016, $50.17, 2038850, $50.13, $50.59, $50.05
05/24/2016, $49.96, 2022085, $49.05, $50.12, $49.03
05/23/2016, $48.86, 1266979, $48.71, $49.43, $48.67
05/20/2016, $48.82, 1749144, $47.92, $49.02, $47.9198
05/19/2016, $47.64, 1158893, $47.52, $48.03, $47.14
05/18/2016, $48.33, 1735432, $47.55, $48.73, $47.55
05/17/2016, $47.78, 1518103, $48.02, $48.21, $47.615
05/16/2016, $47.95, 1670078, $47.15, $48.35, $47.03
05/13/2016, $47.16, 2531824, $47.35, $47.8, $46.98
05/12/2016, $47.33, 2311791, $48.39, $48.66, $47.2
05/11/2016, $48.32, 1176885, $48.06, $48.83, $47.9111
05/10/2016, $48.34, 1546012, $47.81, $48.36, $47.55
05/09/2016, $47.57, 1479037, $47.88, $48.19, $47.5
05/06/2016, $47.95, 2492316, $47.46, $47.95, $47.07
05/05/2016, $47.82, 2799327, $48.83, $48.83, $47.2
05/04/2016, $48.42, 1964752, $48.52, $48.91, $48.26
05/03/2016, $48.8, 2119248, $49.07, $49.13, $48.565
05/02/2016, $49.35, 1713699, $48.86, $49.43, $48.37
04/29/2016, $48.59, 2316565, $49.34, $49.34, $48.13
04/28/2016, $49.51, 3001522, $50, $50.64, $49.4
04/27/2016, $50.34, 2331585, $49.65, $50.52, $49.32
04/26/2016, $50.08, 2693955, $49.76, $50.675, $49.64
04/25/2016, $49.57, 1561265, $49.69, $49.89, $49.5
04/22/2016, $49.71, 2096325, $49.38, $50.54, $49.37
04/21/2016, $49.43, 1930942, $49.47, $49.995, $49.355
04/20/2016, $49.59, 2265097, $48.46, $49.72, $48.34
04/19/2016, $48.52, 2068034, $49.08, $49.29, $48.41
04/18/2016, $48.9, 2243320, $48.67, $49.05, $48.51
04/15/2016, $48.76, 2612089, $49.18, $49.2, $48.62
04/14/2016, $49.27, 1699563, $49.11, $49.46, $48.66
04/13/2016, $49.22, 1164935, $48.38, $49.245, $48.32
04/12/2016, $48.3, 1467008, $48.58, $48.68, $47.94
04/11/2016, $48.4, 2009480, $48.78, $49.12, $48.365
04/08/2016, $48.45, 1887210, $48.2, $48.81, $48.105
04/07/2016, $47.88, 2344699, $48.49, $48.49, $47.8
04/06/2016, $48.64, 5008439, $48.55, $48.915, $47.52
04/05/2016, $48.65, 3769114, $48, $49.2925, $47.89
04/04/2016, $48.38, 2298305, $48.18, $48.61, $47.84
04/01/2016, $48.28, 2130109, $47.91, $48.33, $47.54
03/31/2016, $48.2, 2788261, $48.84, $48.84, $48.17
03/30/2016, $48.84, 1720086, $49.04, $49.48, $48.755
03/29/2016, $48.81, 1741095, $47.81, $48.92, $47.61
03/28/2016, $48.01, 1074548, $48.35, $48.4, $47.95
03/24/2016, $48.12, 1183684, $47.57, $48.27, $47.33
03/23/2016, $47.96, 1371489, $48.37, $48.545, $47.89
03/22/2016, $48.31, 1829825, $48.45, $48.905, $48.13
03/21/2016, $48.75, 2160788, $48.89, $48.99, $48.21
03/18/2016, $49.11, 4880372, $48.46, $49.25, $48.18
03/17/2016, $48.43, 2699275, $48, $48.49, $47.55
03/16/2016, $48.03, 2252085, $47.98, $48.31, $47.39
03/15/2016, $48.09, 1967756, $47.72, $48.09, $47.285
03/14/2016, $48.1, 1646732, $48.6, $48.61, $47.8
03/11/2016, $48.61, 2198984, $47.6, $48.705, $47.325
03/10/2016, $47.1, 2040352, $47.56, $47.8, $46.55
03/09/2016, $47.51, 2413374, $47.03, $47.51, $46.74
03/08/2016, $46.67, 2317045, $47.28, $47.69, $46.59
03/07/2016, $47.72, 3634055, $46.86, $47.89, $46.8101
03/04/2016, $46.83, 2921544, $46.19, $47.32, $45.9
03/03/2016, $46.12, 1657973, $45.79, $46.16, $45.49
03/02/2016, $45.74, 2500947, $44.9, $45.85, $44.78
03/01/2016, $45.22, 2949151, $44.6, $45.27, $44.08
02/29/2016, $44.49, 2890713, $44.68, $45.18, $44.2501
02/26/2016, $44.88, 2578618, $44.04, $44.95, $43.86
02/25/2016, $43.81, 1775580, $43.87, $43.92, $43.08
02/24/2016, $43.68, 3910086, $41.55, $44.01, $41.53
02/23/2016, $42.26, 1584154, $42.79, $43.31, $42.19
02/22/2016, $43.07, 2231248, $42.68, $43.41, $42.58
02/19/2016, $42.37, 2032785, $41.95, $42.605, $41.7
02/18/2016, $41.975, 2013054, $42.42, $42.74, $41.9001
02/17/2016, $42.66, 2267315, $41.77, $42.71, $41.77
02/16/2016, $41.63, 3858358, $41.03, $42.07, $40.81
02/12/2016, $40.41, 1746860, $40, $40.5499, $39.37
02/11/2016, $39.65, 2958117, $39.68, $39.99, $39.01
02/10/2016, $40.27, 3097073, $41.33, $41.75, $40.24
02/09/2016, $41.26, 2683282, $40.94, $42.0499, $40.82
02/08/2016, $41.22, 3525679, $41.77, $42, $40.78
02/05/2016, $42.22, 3388405, $42.64, $43.7, $42.06
02/04/2016, $42.74, 6018905, $42.44, $43.8, $40.53
02/03/2016, $42.32, 5904793, $42.06, $43.22, $41.78
02/02/2016, $43.18, 2398920, $43.67, $43.88, $43.13
02/01/2016, $44.43, 2548764, $44.46, $45.01, $43.92
01/29/2016, $44.81, 4028112, $43.31, $44.905, $43.31
01/28/2016, $43.16, 2366803, $43.68, $43.87, $42.65
01/27/2016, $43.33, 2908479, $44.07, $44.58, $43.13
01/26/2016, $44.25, 3686995, $43.11, $44.79, $43.11
01/25/2016, $43.2, 2710732, $43.02, $43.85, $42.58
01/22/2016, $43.14, 4085276, $44.29, $44.55, $42.37
01/21/2016, $43.61, 4515959, $43.32, $44.41, $42.83
01/20/2016, $42.85, 8805312, $42.83, $43.59, $41.54
01/19/2016, $41.7, 5098394, $42.18, $44.11, $40.94
01/15/2016, $40.52, 4213360, $40.97, $41.31, $39.64
01/14/2016, $42.04, 4195293, $41.46, $42.52, $41
01/13/2016, $41.31, 5039118, $42.12, $43.865, $41.26
01/12/2016, $41.85, 2091448, $41.99, $42.2, $41.32
01/11/2016, $41.5, 2618821, $41.9, $42.15, $41.06
01/08/2016, $41.53, 2815296, $43, $43, $41.445
01/07/2016, $42.66, 3370462, $43.99, $44.71, $42.39
01/06/2016, $44.93, 1827914, $44.76, $45.34, $44.5101
01/05/2016, $45.64, 1801511, $45.98, $46.31, $45.44
01/04/2016, $45.98, 2470150, $45.66, $46.09, $45.26
12/31/2015, $46.54, 1158091, $47.65, $47.85, $46.54
12/30/2015, $47.74, 996893, $48.01, $48.175, $47.6
12/29/2015, $48.12, 1042785, $47.74, $48.35, $47.53
12/28/2015, $47.53, 1792957, $47.12, $47.56, $46.53
12/24/2015, $47.26, 371132, $47.15, $47.5975, $47.15
12/23/2015, $47.31, 914723, $47.34, $47.56, $47.07
12/22/2015, $47.17, 1145366, $47.07, $47.2625, $46.75
12/21/2015, $46.85, 1906641, $46.2, $46.88, $46.195
12/18/2015, $46.09, 6138811, $46.04, $46.33, $45.53
12/17/2015, $46.44, 2358055, $47.55, $47.8999, $46.44
12/16/2015, $47.11, 3240435, $46.39, $47.295, $45.83
12/15/2015, $46.07, 3329756, $44.9, $46.3, $44.9
12/14/2015, $44.61, 1682185, $44.82, $44.98, $44.16
12/11/2015, $44.64, 2163859, $44.88, $45.42, $44.58
12/10/2015, $45.35, 1520101, $45.48, $45.67, $45
12/09/2015, $45.51, 1768067, $46.01, $46.28, $45.31
12/08/2015, $46.21, 1677921, $46.17, $46.345, $45.75
12/07/2015, $46.68, 1439176, $47.24, $47.4753, $46.55
12/04/2015, $47.37, 2850144, $46.49, $47.49, $46.15
12/03/2015, $46.43, 1826048, $47.05, $47.42, $46.07
12/02/2015, $46.66, 3008300, $48.09, $48.4, $46.5
12/01/2015, $48.49, 1684609, $48.55, $48.676, $47.92
11/30/2015, $48.28, 2127507, $47.71, $48.53, $47.66
11/27/2015, $47.69, 720944, $47.16, $47.8, $46.8775
11/25/2015, $47.15, 1092236, $47.19, $47.42, $46.88
11/24/2015, $47.23, 1579879, $46.48, $47.28, $45.628
11/23/2015, $46.6, 1197567, $47.49, $47.49, $46.43
11/20/2015, $47.38, 1085965, $47.35, $47.61, $47.03
11/19/2015, $47.18, 1143031, $47.07, $47.58, $46.43
11/18/2015, $46.98, 1671116, $45.68, $47.07, $45.67
11/17/2015, $46.08, 1432955, $45.85, $46.31, $45.63
11/16/2015, $45.95, 1761767, $44.01, $45.98, $44.01
11/13/2015, $45.64, 1535011, $46.35, $46.96, $45.53
11/12/2015, $46.37, 1877685, $46.79, $47.387, $46.35
11/11/2015, $47.1, 1072571, $47.22, $47.62, $47.08
11/10/2015, $47.16, 1611211, $47.51, $47.575, $46.94
11/09/2015, $47.815, 2910407, $47.54, $47.88, $46.915
11/06/2015, $47.85, 2955540, $47.58, $48.17, $47.4
11/05/2015, $47.91, 2690630, $49.75, $49.84, $47.32
11/04/2015, $48.99, 2184010, $48.75, $49.12, $48.42
11/03/2015, $48.82, 1404620, $48.92, $48.99, $48.37
11/02/2015, $48.89, 1679398, $48.2, $48.95, $48.0911
10/30/2015, $48.29, 2555077, $47.41, $48.42, $47.41
10/29/2015, $47.39, 1902134, $48.03, $48.23, $47.2
10/28/2015, $48.56, 1893742, $47.96, $48.595, $47.53
10/27/2015, $47.93, 2169044, $48.13, $49.25, $47.79
10/26/2015, $48.51, 1601071, $49.01, $49.6, $48.36
10/23/2015, $49.11, 2292214, $49.39, $49.5525, $48.59
10/22/2015, $48.86, 3525004, $47.93, $48.97, $47.52
10/21/2015, $47.16, 2058751, $47.68, $48.24, $47.09
10/20/2015, $47.4, 1173072, $47, $47.56, $46.95
10/19/2015, $47.23, 1450607, $46.88, $47.5, $46.78
10/16/2015, $46.94, 1816173, $47.35, $47.42, $46.68
10/15/2015, $47.33, 2689198, $47.73, $48.37, $47.21
10/14/2015, $47.31, 3620403, $45.97, $48.17, $45.97
10/13/2015, $46.06, 1670670, $46.02, $46.21, $45.77
10/12/2015, $46.28, 1405420, $46.09, $46.54, $45.75
10/09/2015, $46.27, 1205048, $46.5, $47.1, $46.143
10/08/2015, $46.65, 2122984, $45.89, $46.7, $45.6
10/07/2015, $45.98, 1886680, $45.5, $46.3, $45.12
10/06/2015, $45.36, 2226167, $44.89, $45.48, $44.52
10/05/2015, $45.08, 2956944, $43.7, $45.51, $43.69
10/02/2015, $43.38, 2696209, $41.61, $43.39, $41.35
10/01/2015, $42.19, 2536599, $43.09, $43.26, $41.58
09/30/2015, $43.09, 1997093, $42.19, $43.16, $41.68
09/29/2015, $41.67, 1944621, $41, $41.77, $40.7409
09/28/2015, $40.86, 2692699, $41.48, $41.74, $40.83
09/25/2015, $41.38, 947540, $41.6, $41.95, $41.02
09/24/2015, $41.28, 1530871, $40.98, $41.51, $40.09
09/23/2015, $41.35, 1951390, $41.92, $42.29, $41.25
09/22/2015, $41.99, 1321315, $42.04, $42.88, $41.76
09/21/2015, $42.73, 1241052, $43.2, $43.37, $42.5599
09/18/2015, $42.8, 2520135, $42.81, $43.32, $42.5
09/17/2015, $43.33, 3173703, $43.89, $44, $43.09
09/16/2015, $43.91, 2986166, $43.97, $44.03, $43.71
09/15/2015, $44.01, 3024437, $44.17, $44.35, $43.78
09/14/2015, $43.92, 2685119, $44.05, $44.32, $43.77
09/11/2015, $43.89, 2968047, $43.85, $44.65, $43.63
09/10/2015, $44.2, 3347789, $44.23, $44.63, $43.37
09/09/2015, $44.37, 5766247, $45.03, $45.75, $44.28
09/08/2015, $44.86, 5631020, $43.52, $45, $42.63
09/04/2015, $41, 1895809, $41.1, $41.47, $40.85
09/03/2015, $41.74, 2513124, $41.29, $41.85, $41.14
09/02/2015, $41.09, 3783221, $40.84, $41.12, $40.2192
09/01/2015, $40.34, 3446986, $41.45, $41.746, $40.16
08/31/2015, $42.5, 2075943, $43.02, $43.23, $42.48
08/28/2015, $43.24, 2367571, $42.5, $43.31, $42.45
08/27/2015, $42.73, 2872662, $41.83, $42.74, $41.63
08/26/2015, $41.09, 4666551, $40.58, $41.22, $39.82
08/25/2015, $39.57, 3947193, $41.35, $41.54, $39.57
08/24/2015, $40.14, 5170053, $38, $41.71, $37.77
08/21/2015, $40.84, 3202892, $41.37, $41.85, $40.8
08/20/2015, $41.53, 2360295, $42.14, $42.54, $41.52
08/19/2015, $42.68, 2455742, $42.93, $43.16, $42.14
08/18/2015, $42.93, 2117928, $43.34, $43.5, $42.84
08/17/2015, $43.52, 1728249, $43.11, $43.59, $42.8
08/14/2015, $43.29, 1807086, $43.23, $43.39, $42.61
08/13/2015, $43.39, 1657629, $43.77, $43.84, $43.28
08/12/2015, $43.85, 2379974, $43.24, $44.08, $42.86
08/11/2015, $43.72, 2709616, $43.99, $44.04, $43.47
08/10/2015, $44.42, 1849693, $44, $44.63, $43.86
08/07/2015, $43.56, 2128147, $43.12, $43.6, $42.8601
08/06/2015, $43.23, 2585754, $43.87, $43.87, $42.8862
08/05/2015, $43.83, 4911534, $43.13, $44.165, $43.07
08/04/2015, $42.79, 7129444, $42.09, $42.8, $41.44
08/03/2015, $42.785, 2960462, $42.19, $42.84, $42.01
07/31/2015, $42.84, 1755963, $42.95, $42.97, $42.69
07/30/2015, $42.91, 3685058, $42.72, $43.1, $42.56
07/29/2015, $42.77, 2500519, $42.6, $43.01, $42.44
07/28/2015, $42.66, 2574914, $41.26, $42.875, $41.14
07/27/2015, $41.78, 2682441, $41.64, $42.02, $41.15
07/24/2015, $41.87, 3731349, $42.72, $43.14, $40.91
07/23/2015, $42.67, 3319434, $42.37, $43.61, $42.14
07/22/2015, $42.09, 5568596, $42.53, $42.87, $41.68
07/21/2015, $43.8, 2582439, $43.99, $44.6, $43.71
07/20/2015, $43.99, 2062344, $44.53, $44.59, $43.81
07/17/2015, $44.34, 2256182, $44.31, $44.43, $43.87
07/16/2015, $44.51, 2816568, $45.04, $45.87, $44.06
07/15/2015, $44.97, 1476112, $45.1, $45.3, $44.625
07/14/2015, $45.22, 1607369, $45.12, $45.3842, $44.94
07/13/2015, $44.95, 1477570, $45.06, $45.23, $44.69
07/10/2015, $44.85, 1716501, $44.63, $45.15, $44.59
07/09/2015, $44.18, 1762396, $45.34, $45.7, $44.17
07/08/2015, $44.69, 2968373, $45.19, $45.48, $44.26
